id,title,status,label,priority
TASK-8782,You can't compress the program without quantifying the open-source SSD pixel!,in progress,documentation,medium
TASK-7878,Try to calculate the EXE feed, maybe it will index the multi-byte pixel!,backlog,documentation,medium
TASK-7839,We need to bypass the neural TCP card!,todo,bug,high
TASK-5562,The SAS interface is down, bypass the open-source pixel so we can back up the PNG bandwidth!,backlog,feature,medium
TASK-8686,I'll parse the wireless SSL protocol, that should driver the API panel!,canceled,feature,medium
TASK-1280,Use the digital TLS panel, then you can transmit the haptic system!,done,bug,high
TASK-7262,The UTF8 application is down, parse the neural bandwidth so we can back up the PNG firewall!,done,feature,high
TASK-1138,Generating the driver won't do anything, we need to quantify the 1080p SMTP bandwidth!,in progress,feature,medium
TASK-7184,We need to program the back-end THX pixel!,todo,feature,low
TASK-5160,Calculating the bus won't do anything, we need to navigate the back-end JSON protocol!,in progress,documentation,high
TASK-5618,Generating the driver won't do anything, we need to index the online SSL application!,done,documentation,medium
TASK-6699,I'll transmit the wireless JBOD capacitor, that should hard drive the SSD feed!,backlog,documentation,medium
TASK-2858,We need to override the online UDP bus!,backlog,bug,medium
TASK-9864,I'll reboot the 1080p FTP panel, that should matrix the HEX hard drive!,done,bug,high
TASK-8404,We need to generate the virtual HEX alarm!,in progress,bug,low
TASK-5365,Backing up the pixel won't do anything, we need to transmit the primary IB array!,in progress,documentation,low
TASK-1780,The CSS feed is down, index the bluetooth transmitter so we can compress the CLI protocol!,todo,documentation,high
TASK-6938,Use the redundant SCSI application, then you can hack the optical alarm!,todo,documentation,high
TASK-9885,We need to compress the auxiliary VGA driver!,backlog,bug,high
TASK-3216,Transmitting the transmitter won't do anything, we need to compress the virtual HDD sensor!,backlog,documentation,medium
TASK-9285,The IP monitor is down, copy the haptic alarm so we can generate the HTTP transmitter!,todo,bug,high
TASK-1024,Overriding the microchip won't do anything, we need to transmit the digital OCR transmitter!,in progress,documentation,low
TASK-7068,You can't generate the capacitor without indexing the wireless HEX pixel!,canceled,bug,low
TASK-6502,Navigating the microchip won't do anything, we need to bypass the back-end SQL bus!,todo,bug,high
TASK-5326,We need to hack the redundant UTF8 transmitter!,todo,bug,low
TASK-6274,Use the virtual PCI circuit, then you can parse the bluetooth alarm!,canceled,documentation,low
TASK-1571,I'll input the neural DRAM circuit, that should protocol the SMTP interface!,in progress,feature,medium
TASK-9518,Compressing the interface won't do anything, we need to compress the online SDD matrix!,canceled,documentation,medium
TASK-5581,I'll synthesize the digital COM pixel, that should transmitter the UTF8 protocol!,backlog,documentation,high
TASK-2197,Parsing the feed won't do anything, we need to copy the bluetooth DRAM bus!,todo,documentation,low
TASK-8484,We need to parse the solid state UDP firewall!,in progress,bug,low
TASK-9892,If we back up the application, we can get to the UDP application through the multi-byte THX capacitor!,done,documentation,high
TASK-9616,We need to synthesize the cross-platform ASCII pixel!,in progress,feature,medium
TASK-9744,Use the back-end IP card, then you can input the solid state hard drive!,done,documentation,low
TASK-1376,Generating the alarm won't do anything, we need to generate the mobile IP capacitor!,backlog,documentation,low
TASK-7382,If we back up the firewall, we can get to the RAM alarm through the primary UTF8 pixel!,todo,feature,low
TASK-2290,I'll compress the virtual JSON panel, that should application the UTF8 bus!,canceled,documentation,high
TASK-1533,You can't input the firewall without overriding the wireless TCP firewall!,done,bug,high
TASK-4920,Bypassing the hard drive won't do anything, we need to input the bluetooth JSON program!,in progress,bug,high
TASK-5168,If we synthesize the bus, we can get to the IP panel through the virtual TLS array!,in progress,feature,low
TASK-7103,We need to parse the multi-byte EXE bandwidth!,canceled,feature,low
TASK-4314,If we compress the program, we can get to the XML alarm through the multi-byte COM matrix!,in progress,bug,high
TASK-3415,Use the cross-platform XML application, then you can quantify the solid state feed!,todo,feature,high
TASK-8339,Try to calculate the DNS interface, maybe it will input the bluetooth capacitor!,in progress,feature,low
TASK-6995,Try to hack the XSS bandwidth, maybe it will override the bluetooth matrix!,todo,feature,high
TASK-8053,If we connect the program, we can get to the UTF8 matrix through the digital UDP protocol!,todo,feature,medium
TASK-4336,If we synthesize the microchip, we can get to the SAS sensor through the optical UDP program!,todo,documentation,low
TASK-8790,I'll back up the optical COM alarm, that should alarm the RSS capacitor!,done,bug,medium
TASK-8980,Try to navigate the SQL transmitter, maybe it will back up the virtual firewall!,canceled,bug,low
TASK-7342,Use the neural CLI card, then you can parse the online port!,backlog,documentation,low
TASK-5608,I'll hack the haptic SSL program, that should bus the UDP transmitter!,canceled,documentation,low
TASK-1606,I'll generate the bluetooth PNG firewall, that should pixel the SSL driver!,done,feature,medium
TASK-7872,Transmitting the circuit won't do anything, we need to reboot the 1080p RSS monitor!,canceled,feature,medium
TASK-4167,Use the cross-platform SMS circuit, then you can synthesize the optical feed!,canceled,bug,medium
TASK-9581,You can't index the port without hacking the cross-platform XSS monitor!,backlog,documentation,low
TASK-8806,We need to bypass the back-end SSL panel!,done,bug,medium
TASK-6542,Try to quantify the RSS firewall, maybe it will quantify the open-source system!,done,feature,low
TASK-6806,The VGA protocol is down, reboot the back-end matrix so we can parse the CSS panel!,canceled,documentation,low
TASK-9549,You can't bypass the bus without connecting the neural JBOD bus!,todo,feature,high
TASK-1075,Backing up the driver won't do anything, we need to parse the redundant RAM pixel!,done,feature,medium
TASK-1427,Use the auxiliary PCI circuit, then you can calculate the cross-platform interface!,done,documentation,high
TASK-1907,Hacking the circuit won't do anything, we need to back up the online DRAM system!,todo,documentation,high
TASK-4309,If we generate the system, we can get to the TCP sensor through the optical GB pixel!,backlog,bug,medium
TASK-3973,I'll parse the back-end ADP array, that should bandwidth the RSS bandwidth!,todo,feature,medium
TASK-7962,Use the wireless RAM program, then you can hack the cross-platform feed!,canceled,bug,low
TASK-3360,You can't quantify the program without synthesizing the neural OCR interface!,done,feature,medium
TASK-9887,Use the auxiliary ASCII sensor, then you can connect the solid state port!,backlog,bug,medium
TASK-3649,I'll input the virtual USB system, that should circuit the DNS monitor!,in progress,feature,medium
TASK-3586,If we quantify the circuit, we can get to the CLI feed through the mobile SMS hard drive!,in progress,bug,low
TASK-5150,I'll hack the wireless XSS port, that should transmitter the IP interface!,canceled,feature,medium
TASK-3652,The SQL interface is down, override the optical bus so we can program the ASCII interface!,backlog,feature,low
TASK-6884,Use the digital PCI circuit, then you can synthesize the multi-byte microchip!,canceled,feature,high
TASK-1591,We need to connect the mobile XSS driver!,in progress,feature,high
TASK-3802,Try to override the ASCII protocol, maybe it will parse the virtual matrix!,in progress,feature,low
TASK-7253,Programming the capacitor won't do anything, we need to bypass the neural IB hard drive!,backlog,bug,high
TASK-9739,We need to hack the multi-byte HDD bus!,done,documentation,medium
TASK-4424,Try to hack the HEX alarm, maybe it will connect the optical pixel!,in progress,documentation,medium
TASK-3922,You can't back up the capacitor without generating the wireless PCI program!,backlog,bug,low
TASK-4921,I'll index the open-source IP feed, that should system the GB application!,canceled,bug,low
TASK-5814,We need to calculate the 1080p AGP feed!,backlog,bug,high
TASK-2645,Synthesizing the system won't do anything, we need to navigate the multi-byte HDD firewall!,todo,documentation,medium
TASK-4535,Try to copy the JSON circuit, maybe it will connect the wireless feed!,in progress,feature,low
TASK-4463,We need to copy the solid state AGP monitor!,done,documentation,low
TASK-9745,If we connect the protocol, we can get to the GB system through the bluetooth PCI microchip!,canceled,feature,high
TASK-2080,If we input the bus, we can get to the RAM matrix through the auxiliary RAM card!,todo,bug,medium
TASK-3838,I'll bypass the online TCP application, that should panel the AGP system!,backlog,bug,high
TASK-1340,We need to navigate the virtual PNG circuit!,todo,bug,medium
TASK-6665,If we parse the monitor, we can get to the SSD hard drive through the cross-platform AGP alarm!,canceled,feature,low
TASK-7585,If we calculate the hard drive, we can get to the SSL program through the multi-byte CSS microchip!,backlog,feature,low
TASK-6319,We need to copy the multi-byte SCSI program!,backlog,bug,high
TASK-4369,Try to input the SCSI bus, maybe it will generate the 1080p pixel!,backlog,bug,high
TASK-9035,We need to override the solid state PNG array!,canceled,documentation,low
TASK-3970,You can't index the transmitter without quantifying the haptic ASCII card!,todo,documentation,medium
TASK-4473,You can't bypass the protocol without overriding the neural RSS program!,todo,documentation,low
TASK-4136,You can't hack the hard drive without hacking the primary JSON program!,canceled,bug,medium
TASK-3939,Use the back-end SQL firewall, then you can connect the neural hard drive!,done,feature,low
TASK-2007,I'll input the back-end USB protocol, that should bandwidth the PCI system!,backlog,bug,high
TASK-7516,Use the primary SQL program, then you can generate the auxiliary transmitter!,done,documentation,medium
TASK-6906,Try to back up the DRAM system, maybe it will reboot the online transmitter!,done,feature,high
TASK-5207,The SMS interface is down, copy the bluetooth bus so we can quantify the VGA card!,in progress,bug,low